Status,Suggested Week,Category,Article Title,File
LIVE,0,Hair Treatments,Hair Straightening in Asansol: Complete Guide,blog/hair-straightening-complete-guide.html
LIVE,0,Hair Treatments,Hair Straightening in Asansol: What to Know Before Booking,blog/hair-straightening-before-booking.html
DRAFT - REVIEW FIRST,-9,Hair Treatments,Hair Straightening in Asansol: Price and Cost Factors,blog/drafts/hair-straightening-cost-factors.html
DRAFT - REVIEW FIRST,-8,Hair Treatments,Hair Straightening: Aftercare Checklist,blog/drafts/hair-straightening-aftercare.html
DRAFT - REVIEW FIRST,-8,Hair Treatments,Hair Straightening: Who Is It Best For?,blog/drafts/hair-straightening-who-is-it-for.html
DRAFT - REVIEW FIRST,-8,Hair Treatments,Hair Straightening: Myths and Facts,blog/drafts/hair-straightening-myths-facts.html
DRAFT - REVIEW FIRST,-7,Hair Treatments,Hair Straightening: Common Mistakes to Avoid,blog/drafts/hair-straightening-common-mistakes.html
DRAFT - REVIEW FIRST,-7,Hair Treatments,Hair Straightening: How to Prepare for Your Appointment,blog/drafts/hair-straightening-preparation.html
DRAFT - REVIEW FIRST,-7,Hair Treatments,Hair Straightening: Summer Care Guide,blog/drafts/hair-straightening-summer-care.html
DRAFT - REVIEW FIRST,-6,Hair Treatments,Hair Straightening: Monsoon Care Guide,blog/drafts/hair-straightening-monsoon-care.html
DRAFT - REVIEW FIRST,-6,Hair Treatments,Hair Straightening: Winter Care Guide,blog/drafts/hair-straightening-winter-care.html
DRAFT - REVIEW FIRST,-6,Hair Treatments,Hair Straightening: How It Compares With Similar Services,blog/drafts/hair-straightening-comparison.html
DRAFT - REVIEW FIRST,-5,Hair Treatments,Hair Straightening: How Long Do Results Last?,blog/drafts/hair-straightening-results-duration.html
DRAFT - REVIEW FIRST,-5,Hair Treatments,Hair Straightening: Maintenance Schedule,blog/drafts/hair-straightening-maintenance-plan.html
DRAFT - REVIEW FIRST,-5,Hair Treatments,Hair Straightening: Questions to Ask Your Stylist,blog/drafts/hair-straightening-stylist-questions.html
DRAFT - REVIEW FIRST,-4,Hair Treatments,Hair Straightening: Guide for College Students,blog/drafts/hair-straightening-college-guide.html
DRAFT - REVIEW FIRST,-4,Hair Treatments,Hair Straightening: Guide for Working Professionals,blog/drafts/hair-straightening-working-professionals.html
DRAFT - REVIEW FIRST,-4,Hair Treatments,Hair Straightening: Occasion-Ready Planning,blog/drafts/hair-straightening-occasion-ready.html
DRAFT - REVIEW FIRST,-3,Hair Treatments,Hair Straightening: Sensitive or Damaged Hair/Skin Considerations,blog/drafts/hair-straightening-sensitive-damaged.html
DRAFT - REVIEW FIRST,-3,Hair Treatments,Hair Straightening in Asansol: How to Choose a Salon Near You,blog/drafts/hair-straightening-choose-salon.html
DRAFT - REVIEW FIRST,-3,Hair Treatments,Hair Straightening in Asansol: Asansol Local Booking Guide,blog/drafts/hair-straightening-asansol-local-guide.html
LIVE,0,Hair Treatments,Hair Botox in Asansol: Complete Guide,blog/hair-botox-complete-guide.html
LIVE,0,Hair Treatments,Hair Botox in Asansol: What to Know Before Booking,blog/hair-botox-before-booking.html
DRAFT - REVIEW FIRST,-2,Hair Treatments,Hair Botox in Asansol: Price and Cost Factors,blog/drafts/hair-botox-cost-factors.html
DRAFT - REVIEW FIRST,-1,Hair Treatments,Hair Botox: Aftercare Checklist,blog/drafts/hair-botox-aftercare.html
DRAFT - REVIEW FIRST,-1,Hair Treatments,Hair Botox: Who Is It Best For?,blog/drafts/hair-botox-who-is-it-for.html
DRAFT - REVIEW FIRST,-1,Hair Treatments,Hair Botox: Myths and Facts,blog/drafts/hair-botox-myths-facts.html
DRAFT - REVIEW FIRST,0,Hair Treatments,Hair Botox: Common Mistakes to Avoid,blog/drafts/hair-botox-common-mistakes.html
DRAFT - REVIEW FIRST,0,Hair Treatments,Hair Botox: How to Prepare for Your Appointment,blog/drafts/hair-botox-preparation.html
DRAFT - REVIEW FIRST,0,Hair Treatments,Hair Botox: Summer Care Guide,blog/drafts/hair-botox-summer-care.html
DRAFT - REVIEW FIRST,1,Hair Treatments,Hair Botox: Monsoon Care Guide,blog/drafts/hair-botox-monsoon-care.html
DRAFT - REVIEW FIRST,1,Hair Treatments,Hair Botox: Winter Care Guide,blog/drafts/hair-botox-winter-care.html
DRAFT - REVIEW FIRST,1,Hair Treatments,Hair Botox: How It Compares With Similar Services,blog/drafts/hair-botox-comparison.html
DRAFT - REVIEW FIRST,2,Hair Treatments,Hair Botox: How Long Do Results Last?,blog/drafts/hair-botox-results-duration.html
DRAFT - REVIEW FIRST,2,Hair Treatments,Hair Botox: Maintenance Schedule,blog/drafts/hair-botox-maintenance-plan.html
DRAFT - REVIEW FIRST,2,Hair Treatments,Hair Botox: Questions to Ask Your Stylist,blog/drafts/hair-botox-stylist-questions.html
DRAFT - REVIEW FIRST,3,Hair Treatments,Hair Botox: Guide for College Students,blog/drafts/hair-botox-college-guide.html
DRAFT - REVIEW FIRST,3,Hair Treatments,Hair Botox: Guide for Working Professionals,blog/drafts/hair-botox-working-professionals.html
DRAFT - REVIEW FIRST,3,Hair Treatments,Hair Botox: Occasion-Ready Planning,blog/drafts/hair-botox-occasion-ready.html
DRAFT - REVIEW FIRST,4,Hair Treatments,Hair Botox: Sensitive or Damaged Hair/Skin Considerations,blog/drafts/hair-botox-sensitive-damaged.html
DRAFT - REVIEW FIRST,4,Hair Treatments,Hair Botox in Asansol: How to Choose a Salon Near You,blog/drafts/hair-botox-choose-salon.html
DRAFT - REVIEW FIRST,4,Hair Treatments,Hair Botox in Asansol: Asansol Local Booking Guide,blog/drafts/hair-botox-asansol-local-guide.html
LIVE,0,Hair Treatments,Nanoplastia in Asansol: Complete Guide,blog/nanoplastia-complete-guide.html
LIVE,0,Hair Treatments,Nanoplastia in Asansol: What to Know Before Booking,blog/nanoplastia-before-booking.html
DRAFT - REVIEW FIRST,5,Hair Treatments,Nanoplastia in Asansol: Price and Cost Factors,blog/drafts/nanoplastia-cost-factors.html
DRAFT - REVIEW FIRST,6,Hair Treatments,Nanoplastia: Aftercare Checklist,blog/drafts/nanoplastia-aftercare.html
DRAFT - REVIEW FIRST,6,Hair Treatments,Nanoplastia: Who Is It Best For?,blog/drafts/nanoplastia-who-is-it-for.html
DRAFT - REVIEW FIRST,6,Hair Treatments,Nanoplastia: Myths and Facts,blog/drafts/nanoplastia-myths-facts.html
DRAFT - REVIEW FIRST,7,Hair Treatments,Nanoplastia: Common Mistakes to Avoid,blog/drafts/nanoplastia-common-mistakes.html
DRAFT - REVIEW FIRST,7,Hair Treatments,Nanoplastia: How to Prepare for Your Appointment,blog/drafts/nanoplastia-preparation.html
DRAFT - REVIEW FIRST,7,Hair Treatments,Nanoplastia: Summer Care Guide,blog/drafts/nanoplastia-summer-care.html
DRAFT - REVIEW FIRST,8,Hair Treatments,Nanoplastia: Monsoon Care Guide,blog/drafts/nanoplastia-monsoon-care.html
DRAFT - REVIEW FIRST,8,Hair Treatments,Nanoplastia: Winter Care Guide,blog/drafts/nanoplastia-winter-care.html
DRAFT - REVIEW FIRST,8,Hair Treatments,Nanoplastia: How It Compares With Similar Services,blog/drafts/nanoplastia-comparison.html
DRAFT - REVIEW FIRST,9,Hair Treatments,Nanoplastia: How Long Do Results Last?,blog/drafts/nanoplastia-results-duration.html
DRAFT - REVIEW FIRST,9,Hair Treatments,Nanoplastia: Maintenance Schedule,blog/drafts/nanoplastia-maintenance-plan.html
DRAFT - REVIEW FIRST,9,Hair Treatments,Nanoplastia: Questions to Ask Your Stylist,blog/drafts/nanoplastia-stylist-questions.html
DRAFT - REVIEW FIRST,10,Hair Treatments,Nanoplastia: Guide for College Students,blog/drafts/nanoplastia-college-guide.html
DRAFT - REVIEW FIRST,10,Hair Treatments,Nanoplastia: Guide for Working Professionals,blog/drafts/nanoplastia-working-professionals.html
DRAFT - REVIEW FIRST,10,Hair Treatments,Nanoplastia: Occasion-Ready Planning,blog/drafts/nanoplastia-occasion-ready.html
DRAFT - REVIEW FIRST,11,Hair Treatments,Nanoplastia: Sensitive or Damaged Hair/Skin Considerations,blog/drafts/nanoplastia-sensitive-damaged.html
DRAFT - REVIEW FIRST,11,Hair Treatments,Nanoplastia in Asansol: How to Choose a Salon Near You,blog/drafts/nanoplastia-choose-salon.html
DRAFT - REVIEW FIRST,11,Hair Treatments,Nanoplastia in Asansol: Asansol Local Booking Guide,blog/drafts/nanoplastia-asansol-local-guide.html
LIVE,0,Skin Care,Facial in Asansol: Complete Guide,blog/facial-complete-guide.html
LIVE,0,Skin Care,Facial in Asansol: What to Know Before Booking,blog/facial-before-booking.html
DRAFT - REVIEW FIRST,12,Skin Care,Facial in Asansol: Price and Cost Factors,blog/drafts/facial-cost-factors.html
DRAFT - REVIEW FIRST,13,Skin Care,Facial: Aftercare Checklist,blog/drafts/facial-aftercare.html
DRAFT - REVIEW FIRST,13,Skin Care,Facial: Who Is It Best For?,blog/drafts/facial-who-is-it-for.html
DRAFT - REVIEW FIRST,13,Skin Care,Facial: Myths and Facts,blog/drafts/facial-myths-facts.html
DRAFT - REVIEW FIRST,14,Skin Care,Facial: Common Mistakes to Avoid,blog/drafts/facial-common-mistakes.html
DRAFT - REVIEW FIRST,14,Skin Care,Facial: How to Prepare for Your Appointment,blog/drafts/facial-preparation.html
DRAFT - REVIEW FIRST,14,Skin Care,Facial: Summer Care Guide,blog/drafts/facial-summer-care.html
DRAFT - REVIEW FIRST,15,Skin Care,Facial: Monsoon Care Guide,blog/drafts/facial-monsoon-care.html
DRAFT - REVIEW FIRST,15,Skin Care,Facial: Winter Care Guide,blog/drafts/facial-winter-care.html
DRAFT - REVIEW FIRST,15,Skin Care,Facial: How It Compares With Similar Services,blog/drafts/facial-comparison.html
DRAFT - REVIEW FIRST,16,Skin Care,Facial: How Long Do Results Last?,blog/drafts/facial-results-duration.html
DRAFT - REVIEW FIRST,16,Skin Care,Facial: Maintenance Schedule,blog/drafts/facial-maintenance-plan.html
DRAFT - REVIEW FIRST,16,Skin Care,Facial: Questions to Ask Your Stylist,blog/drafts/facial-stylist-questions.html
DRAFT - REVIEW FIRST,17,Skin Care,Facial: Guide for College Students,blog/drafts/facial-college-guide.html
DRAFT - REVIEW FIRST,17,Skin Care,Facial: Guide for Working Professionals,blog/drafts/facial-working-professionals.html
DRAFT - REVIEW FIRST,17,Skin Care,Facial: Occasion-Ready Planning,blog/drafts/facial-occasion-ready.html
DRAFT - REVIEW FIRST,18,Skin Care,Facial: Sensitive or Damaged Hair/Skin Considerations,blog/drafts/facial-sensitive-damaged.html
DRAFT - REVIEW FIRST,18,Skin Care,Facial in Asansol: How to Choose a Salon Near You,blog/drafts/facial-choose-salon.html
DRAFT - REVIEW FIRST,18,Skin Care,Facial in Asansol: Asansol Local Booking Guide,blog/drafts/facial-asansol-local-guide.html
LIVE,0,Skin Care,D-Tan Treatment in Asansol: Complete Guide,blog/dtan-complete-guide.html
LIVE,0,Skin Care,D-Tan Treatment in Asansol: What to Know Before Booking,blog/dtan-before-booking.html
DRAFT - REVIEW FIRST,19,Skin Care,D-Tan Treatment in Asansol: Price and Cost Factors,blog/drafts/dtan-cost-factors.html
DRAFT - REVIEW FIRST,20,Skin Care,D-Tan Treatment: Aftercare Checklist,blog/drafts/dtan-aftercare.html
DRAFT - REVIEW FIRST,20,Skin Care,D-Tan Treatment: Who Is It Best For?,blog/drafts/dtan-who-is-it-for.html
DRAFT - REVIEW FIRST,20,Skin Care,D-Tan Treatment: Myths and Facts,blog/drafts/dtan-myths-facts.html
DRAFT - REVIEW FIRST,21,Skin Care,D-Tan Treatment: Common Mistakes to Avoid,blog/drafts/dtan-common-mistakes.html
DRAFT - REVIEW FIRST,21,Skin Care,D-Tan Treatment: How to Prepare for Your Appointment,blog/drafts/dtan-preparation.html
DRAFT - REVIEW FIRST,21,Skin Care,D-Tan Treatment: Summer Care Guide,blog/drafts/dtan-summer-care.html
DRAFT - REVIEW FIRST,22,Skin Care,D-Tan Treatment: Monsoon Care Guide,blog/drafts/dtan-monsoon-care.html
DRAFT - REVIEW FIRST,22,Skin Care,D-Tan Treatment: Winter Care Guide,blog/drafts/dtan-winter-care.html
DRAFT - REVIEW FIRST,22,Skin Care,D-Tan Treatment: How It Compares With Similar Services,blog/drafts/dtan-comparison.html
DRAFT - REVIEW FIRST,23,Skin Care,D-Tan Treatment: How Long Do Results Last?,blog/drafts/dtan-results-duration.html
DRAFT - REVIEW FIRST,23,Skin Care,D-Tan Treatment: Maintenance Schedule,blog/drafts/dtan-maintenance-plan.html
DRAFT - REVIEW FIRST,23,Skin Care,D-Tan Treatment: Questions to Ask Your Stylist,blog/drafts/dtan-stylist-questions.html
DRAFT - REVIEW FIRST,24,Skin Care,D-Tan Treatment: Guide for College Students,blog/drafts/dtan-college-guide.html
DRAFT - REVIEW FIRST,24,Skin Care,D-Tan Treatment: Guide for Working Professionals,blog/drafts/dtan-working-professionals.html
DRAFT - REVIEW FIRST,24,Skin Care,D-Tan Treatment: Occasion-Ready Planning,blog/drafts/dtan-occasion-ready.html
DRAFT - REVIEW FIRST,25,Skin Care,D-Tan Treatment: Sensitive or Damaged Hair/Skin Considerations,blog/drafts/dtan-sensitive-damaged.html
DRAFT - REVIEW FIRST,25,Skin Care,D-Tan Treatment in Asansol: How to Choose a Salon Near You,blog/drafts/dtan-choose-salon.html
DRAFT - REVIEW FIRST,25,Skin Care,D-Tan Treatment in Asansol: Asansol Local Booking Guide,blog/drafts/dtan-asansol-local-guide.html
LIVE,0,Hair Colour,Hair Colour in Asansol: Complete Guide,blog/hair-color-complete-guide.html
LIVE,0,Hair Colour,Hair Colour in Asansol: What to Know Before Booking,blog/hair-color-before-booking.html
DRAFT - REVIEW FIRST,26,Hair Colour,Hair Colour in Asansol: Price and Cost Factors,blog/drafts/hair-color-cost-factors.html
DRAFT - REVIEW FIRST,27,Hair Colour,Hair Colour: Aftercare Checklist,blog/drafts/hair-color-aftercare.html
DRAFT - REVIEW FIRST,27,Hair Colour,Hair Colour: Who Is It Best For?,blog/drafts/hair-color-who-is-it-for.html
DRAFT - REVIEW FIRST,27,Hair Colour,Hair Colour: Myths and Facts,blog/drafts/hair-color-myths-facts.html
DRAFT - REVIEW FIRST,28,Hair Colour,Hair Colour: Common Mistakes to Avoid,blog/drafts/hair-color-common-mistakes.html
DRAFT - REVIEW FIRST,28,Hair Colour,Hair Colour: How to Prepare for Your Appointment,blog/drafts/hair-color-preparation.html
DRAFT - REVIEW FIRST,28,Hair Colour,Hair Colour: Summer Care Guide,blog/drafts/hair-color-summer-care.html
DRAFT - REVIEW FIRST,29,Hair Colour,Hair Colour: Monsoon Care Guide,blog/drafts/hair-color-monsoon-care.html
DRAFT - REVIEW FIRST,29,Hair Colour,Hair Colour: Winter Care Guide,blog/drafts/hair-color-winter-care.html
DRAFT - REVIEW FIRST,29,Hair Colour,Hair Colour: How It Compares With Similar Services,blog/drafts/hair-color-comparison.html
DRAFT - REVIEW FIRST,30,Hair Colour,Hair Colour: How Long Do Results Last?,blog/drafts/hair-color-results-duration.html
DRAFT - REVIEW FIRST,30,Hair Colour,Hair Colour: Maintenance Schedule,blog/drafts/hair-color-maintenance-plan.html
DRAFT - REVIEW FIRST,30,Hair Colour,Hair Colour: Questions to Ask Your Stylist,blog/drafts/hair-color-stylist-questions.html
DRAFT - REVIEW FIRST,31,Hair Colour,Hair Colour: Guide for College Students,blog/drafts/hair-color-college-guide.html
DRAFT - REVIEW FIRST,31,Hair Colour,Hair Colour: Guide for Working Professionals,blog/drafts/hair-color-working-professionals.html
DRAFT - REVIEW FIRST,31,Hair Colour,Hair Colour: Occasion-Ready Planning,blog/drafts/hair-color-occasion-ready.html
DRAFT - REVIEW FIRST,32,Hair Colour,Hair Colour: Sensitive or Damaged Hair/Skin Considerations,blog/drafts/hair-color-sensitive-damaged.html
DRAFT - REVIEW FIRST,32,Hair Colour,Hair Colour in Asansol: How to Choose a Salon Near You,blog/drafts/hair-color-choose-salon.html
DRAFT - REVIEW FIRST,32,Hair Colour,Hair Colour in Asansol: Asansol Local Booking Guide,blog/drafts/hair-color-asansol-local-guide.html
LIVE,0,Hair Colour,Hair Highlights in Asansol: Complete Guide,blog/hair-highlights-complete-guide.html
LIVE,0,Hair Colour,Hair Highlights in Asansol: What to Know Before Booking,blog/hair-highlights-before-booking.html
DRAFT - REVIEW FIRST,33,Hair Colour,Hair Highlights in Asansol: Price and Cost Factors,blog/drafts/hair-highlights-cost-factors.html
DRAFT - REVIEW FIRST,34,Hair Colour,Hair Highlights: Aftercare Checklist,blog/drafts/hair-highlights-aftercare.html
DRAFT - REVIEW FIRST,34,Hair Colour,Hair Highlights: Who Is It Best For?,blog/drafts/hair-highlights-who-is-it-for.html
DRAFT - REVIEW FIRST,34,Hair Colour,Hair Highlights: Myths and Facts,blog/drafts/hair-highlights-myths-facts.html
DRAFT - REVIEW FIRST,35,Hair Colour,Hair Highlights: Common Mistakes to Avoid,blog/drafts/hair-highlights-common-mistakes.html
DRAFT - REVIEW FIRST,35,Hair Colour,Hair Highlights: How to Prepare for Your Appointment,blog/drafts/hair-highlights-preparation.html
DRAFT - REVIEW FIRST,35,Hair Colour,Hair Highlights: Summer Care Guide,blog/drafts/hair-highlights-summer-care.html
DRAFT - REVIEW FIRST,36,Hair Colour,Hair Highlights: Monsoon Care Guide,blog/drafts/hair-highlights-monsoon-care.html
DRAFT - REVIEW FIRST,36,Hair Colour,Hair Highlights: Winter Care Guide,blog/drafts/hair-highlights-winter-care.html
DRAFT - REVIEW FIRST,36,Hair Colour,Hair Highlights: How It Compares With Similar Services,blog/drafts/hair-highlights-comparison.html
DRAFT - REVIEW FIRST,37,Hair Colour,Hair Highlights: How Long Do Results Last?,blog/drafts/hair-highlights-results-duration.html
DRAFT - REVIEW FIRST,37,Hair Colour,Hair Highlights: Maintenance Schedule,blog/drafts/hair-highlights-maintenance-plan.html
DRAFT - REVIEW FIRST,37,Hair Colour,Hair Highlights: Questions to Ask Your Stylist,blog/drafts/hair-highlights-stylist-questions.html
DRAFT - REVIEW FIRST,38,Hair Colour,Hair Highlights: Guide for College Students,blog/drafts/hair-highlights-college-guide.html
DRAFT - REVIEW FIRST,38,Hair Colour,Hair Highlights: Guide for Working Professionals,blog/drafts/hair-highlights-working-professionals.html
DRAFT - REVIEW FIRST,38,Hair Colour,Hair Highlights: Occasion-Ready Planning,blog/drafts/hair-highlights-occasion-ready.html
DRAFT - REVIEW FIRST,39,Hair Colour,Hair Highlights: Sensitive or Damaged Hair/Skin Considerations,blog/drafts/hair-highlights-sensitive-damaged.html
DRAFT - REVIEW FIRST,39,Hair Colour,Hair Highlights in Asansol: How to Choose a Salon Near You,blog/drafts/hair-highlights-choose-salon.html
DRAFT - REVIEW FIRST,39,Hair Colour,Hair Highlights in Asansol: Asansol Local Booking Guide,blog/drafts/hair-highlights-asansol-local-guide.html
LIVE,0,Hair Colour,Global Hair Colour in Asansol: Complete Guide,blog/global-hair-color-complete-guide.html
LIVE,0,Hair Colour,Global Hair Colour in Asansol: What to Know Before Booking,blog/global-hair-color-before-booking.html
DRAFT - REVIEW FIRST,40,Hair Colour,Global Hair Colour in Asansol: Price and Cost Factors,blog/drafts/global-hair-color-cost-factors.html
DRAFT - REVIEW FIRST,41,Hair Colour,Global Hair Colour: Aftercare Checklist,blog/drafts/global-hair-color-aftercare.html
DRAFT - REVIEW FIRST,41,Hair Colour,Global Hair Colour: Who Is It Best For?,blog/drafts/global-hair-color-who-is-it-for.html
DRAFT - REVIEW FIRST,41,Hair Colour,Global Hair Colour: Myths and Facts,blog/drafts/global-hair-color-myths-facts.html
DRAFT - REVIEW FIRST,42,Hair Colour,Global Hair Colour: Common Mistakes to Avoid,blog/drafts/global-hair-color-common-mistakes.html
DRAFT - REVIEW FIRST,42,Hair Colour,Global Hair Colour: How to Prepare for Your Appointment,blog/drafts/global-hair-color-preparation.html
DRAFT - REVIEW FIRST,42,Hair Colour,Global Hair Colour: Summer Care Guide,blog/drafts/global-hair-color-summer-care.html
DRAFT - REVIEW FIRST,43,Hair Colour,Global Hair Colour: Monsoon Care Guide,blog/drafts/global-hair-color-monsoon-care.html
DRAFT - REVIEW FIRST,43,Hair Colour,Global Hair Colour: Winter Care Guide,blog/drafts/global-hair-color-winter-care.html
DRAFT - REVIEW FIRST,43,Hair Colour,Global Hair Colour: How It Compares With Similar Services,blog/drafts/global-hair-color-comparison.html
DRAFT - REVIEW FIRST,44,Hair Colour,Global Hair Colour: How Long Do Results Last?,blog/drafts/global-hair-color-results-duration.html
DRAFT - REVIEW FIRST,44,Hair Colour,Global Hair Colour: Maintenance Schedule,blog/drafts/global-hair-color-maintenance-plan.html
DRAFT - REVIEW FIRST,44,Hair Colour,Global Hair Colour: Questions to Ask Your Stylist,blog/drafts/global-hair-color-stylist-questions.html
DRAFT - REVIEW FIRST,45,Hair Colour,Global Hair Colour: Guide for College Students,blog/drafts/global-hair-color-college-guide.html
DRAFT - REVIEW FIRST,45,Hair Colour,Global Hair Colour: Guide for Working Professionals,blog/drafts/global-hair-color-working-professionals.html
DRAFT - REVIEW FIRST,45,Hair Colour,Global Hair Colour: Occasion-Ready Planning,blog/drafts/global-hair-color-occasion-ready.html
DRAFT - REVIEW FIRST,46,Hair Colour,Global Hair Colour: Sensitive or Damaged Hair/Skin Considerations,blog/drafts/global-hair-color-sensitive-damaged.html
DRAFT - REVIEW FIRST,46,Hair Colour,Global Hair Colour in Asansol: How to Choose a Salon Near You,blog/drafts/global-hair-color-choose-salon.html
DRAFT - REVIEW FIRST,46,Hair Colour,Global Hair Colour in Asansol: Asansol Local Booking Guide,blog/drafts/global-hair-color-asansol-local-guide.html
LIVE,0,Hand & Foot Care,Manicure in Asansol: Complete Guide,blog/manicure-complete-guide.html
LIVE,0,Hand & Foot Care,Manicure in Asansol: What to Know Before Booking,blog/manicure-before-booking.html
DRAFT - REVIEW FIRST,47,Hand & Foot Care,Manicure in Asansol: Price and Cost Factors,blog/drafts/manicure-cost-factors.html
DRAFT - REVIEW FIRST,48,Hand & Foot Care,Manicure: Aftercare Checklist,blog/drafts/manicure-aftercare.html
DRAFT - REVIEW FIRST,48,Hand & Foot Care,Manicure: Who Is It Best For?,blog/drafts/manicure-who-is-it-for.html
DRAFT - REVIEW FIRST,48,Hand & Foot Care,Manicure: Myths and Facts,blog/drafts/manicure-myths-facts.html
DRAFT - REVIEW FIRST,49,Hand & Foot Care,Manicure: Common Mistakes to Avoid,blog/drafts/manicure-common-mistakes.html
DRAFT - REVIEW FIRST,49,Hand & Foot Care,Manicure: How to Prepare for Your Appointment,blog/drafts/manicure-preparation.html
DRAFT - REVIEW FIRST,49,Hand & Foot Care,Manicure: Summer Care Guide,blog/drafts/manicure-summer-care.html
DRAFT - REVIEW FIRST,50,Hand & Foot Care,Manicure: Monsoon Care Guide,blog/drafts/manicure-monsoon-care.html
DRAFT - REVIEW FIRST,50,Hand & Foot Care,Manicure: Winter Care Guide,blog/drafts/manicure-winter-care.html
DRAFT - REVIEW FIRST,50,Hand & Foot Care,Manicure: How It Compares With Similar Services,blog/drafts/manicure-comparison.html
DRAFT - REVIEW FIRST,51,Hand & Foot Care,Manicure: How Long Do Results Last?,blog/drafts/manicure-results-duration.html
DRAFT - REVIEW FIRST,51,Hand & Foot Care,Manicure: Maintenance Schedule,blog/drafts/manicure-maintenance-plan.html
DRAFT - REVIEW FIRST,51,Hand & Foot Care,Manicure: Questions to Ask Your Stylist,blog/drafts/manicure-stylist-questions.html
DRAFT - REVIEW FIRST,52,Hand & Foot Care,Manicure: Guide for College Students,blog/drafts/manicure-college-guide.html
DRAFT - REVIEW FIRST,52,Hand & Foot Care,Manicure: Guide for Working Professionals,blog/drafts/manicure-working-professionals.html
DRAFT - REVIEW FIRST,52,Hand & Foot Care,Manicure: Occasion-Ready Planning,blog/drafts/manicure-occasion-ready.html
DRAFT - REVIEW FIRST,53,Hand & Foot Care,Manicure: Sensitive or Damaged Hair/Skin Considerations,blog/drafts/manicure-sensitive-damaged.html
DRAFT - REVIEW FIRST,53,Hand & Foot Care,Manicure in Asansol: How to Choose a Salon Near You,blog/drafts/manicure-choose-salon.html
DRAFT - REVIEW FIRST,53,Hand & Foot Care,Manicure in Asansol: Asansol Local Booking Guide,blog/drafts/manicure-asansol-local-guide.html
LIVE,0,Hand & Foot Care,Pedicure in Asansol: Complete Guide,blog/pedicure-complete-guide.html
LIVE,0,Hand & Foot Care,Pedicure in Asansol: What to Know Before Booking,blog/pedicure-before-booking.html
DRAFT - REVIEW FIRST,54,Hand & Foot Care,Pedicure in Asansol: Price and Cost Factors,blog/drafts/pedicure-cost-factors.html
DRAFT - REVIEW FIRST,55,Hand & Foot Care,Pedicure: Aftercare Checklist,blog/drafts/pedicure-aftercare.html
DRAFT - REVIEW FIRST,55,Hand & Foot Care,Pedicure: Who Is It Best For?,blog/drafts/pedicure-who-is-it-for.html
DRAFT - REVIEW FIRST,55,Hand & Foot Care,Pedicure: Myths and Facts,blog/drafts/pedicure-myths-facts.html
DRAFT - REVIEW FIRST,56,Hand & Foot Care,Pedicure: Common Mistakes to Avoid,blog/drafts/pedicure-common-mistakes.html
DRAFT - REVIEW FIRST,56,Hand & Foot Care,Pedicure: How to Prepare for Your Appointment,blog/drafts/pedicure-preparation.html
DRAFT - REVIEW FIRST,56,Hand & Foot Care,Pedicure: Summer Care Guide,blog/drafts/pedicure-summer-care.html
DRAFT - REVIEW FIRST,57,Hand & Foot Care,Pedicure: Monsoon Care Guide,blog/drafts/pedicure-monsoon-care.html
DRAFT - REVIEW FIRST,57,Hand & Foot Care,Pedicure: Winter Care Guide,blog/drafts/pedicure-winter-care.html
DRAFT - REVIEW FIRST,57,Hand & Foot Care,Pedicure: How It Compares With Similar Services,blog/drafts/pedicure-comparison.html
DRAFT - REVIEW FIRST,58,Hand & Foot Care,Pedicure: How Long Do Results Last?,blog/drafts/pedicure-results-duration.html
DRAFT - REVIEW FIRST,58,Hand & Foot Care,Pedicure: Maintenance Schedule,blog/drafts/pedicure-maintenance-plan.html
DRAFT - REVIEW FIRST,58,Hand & Foot Care,Pedicure: Questions to Ask Your Stylist,blog/drafts/pedicure-stylist-questions.html
DRAFT - REVIEW FIRST,59,Hand & Foot Care,Pedicure: Guide for College Students,blog/drafts/pedicure-college-guide.html
DRAFT - REVIEW FIRST,59,Hand & Foot Care,Pedicure: Guide for Working Professionals,blog/drafts/pedicure-working-professionals.html
DRAFT - REVIEW FIRST,59,Hand & Foot Care,Pedicure: Occasion-Ready Planning,blog/drafts/pedicure-occasion-ready.html
DRAFT - REVIEW FIRST,60,Hand & Foot Care,Pedicure: Sensitive or Damaged Hair/Skin Considerations,blog/drafts/pedicure-sensitive-damaged.html
DRAFT - REVIEW FIRST,60,Hand & Foot Care,Pedicure in Asansol: How to Choose a Salon Near You,blog/drafts/pedicure-choose-salon.html
DRAFT - REVIEW FIRST,60,Hand & Foot Care,Pedicure in Asansol: Asansol Local Booking Guide,blog/drafts/pedicure-asansol-local-guide.html
LIVE,0,Skin Care,Waxing in Asansol: Complete Guide,blog/waxing-complete-guide.html
LIVE,0,Skin Care,Waxing in Asansol: What to Know Before Booking,blog/waxing-before-booking.html
DRAFT - REVIEW FIRST,61,Skin Care,Waxing in Asansol: Price and Cost Factors,blog/drafts/waxing-cost-factors.html
DRAFT - REVIEW FIRST,62,Skin Care,Waxing: Aftercare Checklist,blog/drafts/waxing-aftercare.html
DRAFT - REVIEW FIRST,62,Skin Care,Waxing: Who Is It Best For?,blog/drafts/waxing-who-is-it-for.html
DRAFT - REVIEW FIRST,62,Skin Care,Waxing: Myths and Facts,blog/drafts/waxing-myths-facts.html
DRAFT - REVIEW FIRST,63,Skin Care,Waxing: Common Mistakes to Avoid,blog/drafts/waxing-common-mistakes.html
DRAFT - REVIEW FIRST,63,Skin Care,Waxing: How to Prepare for Your Appointment,blog/drafts/waxing-preparation.html
DRAFT - REVIEW FIRST,63,Skin Care,Waxing: Summer Care Guide,blog/drafts/waxing-summer-care.html
DRAFT - REVIEW FIRST,64,Skin Care,Waxing: Monsoon Care Guide,blog/drafts/waxing-monsoon-care.html
DRAFT - REVIEW FIRST,64,Skin Care,Waxing: Winter Care Guide,blog/drafts/waxing-winter-care.html
DRAFT - REVIEW FIRST,64,Skin Care,Waxing: How It Compares With Similar Services,blog/drafts/waxing-comparison.html
DRAFT - REVIEW FIRST,65,Skin Care,Waxing: How Long Do Results Last?,blog/drafts/waxing-results-duration.html
DRAFT - REVIEW FIRST,65,Skin Care,Waxing: Maintenance Schedule,blog/drafts/waxing-maintenance-plan.html
DRAFT - REVIEW FIRST,65,Skin Care,Waxing: Questions to Ask Your Stylist,blog/drafts/waxing-stylist-questions.html
DRAFT - REVIEW FIRST,66,Skin Care,Waxing: Guide for College Students,blog/drafts/waxing-college-guide.html
DRAFT - REVIEW FIRST,66,Skin Care,Waxing: Guide for Working Professionals,blog/drafts/waxing-working-professionals.html
DRAFT - REVIEW FIRST,66,Skin Care,Waxing: Occasion-Ready Planning,blog/drafts/waxing-occasion-ready.html
DRAFT - REVIEW FIRST,67,Skin Care,Waxing: Sensitive or Damaged Hair/Skin Considerations,blog/drafts/waxing-sensitive-damaged.html
DRAFT - REVIEW FIRST,67,Skin Care,Waxing in Asansol: How to Choose a Salon Near You,blog/drafts/waxing-choose-salon.html
DRAFT - REVIEW FIRST,67,Skin Care,Waxing in Asansol: Asansol Local Booking Guide,blog/drafts/waxing-asansol-local-guide.html
LIVE,0,Haircuts,Haircut in Asansol: Complete Guide,blog/haircut-complete-guide.html
LIVE,0,Haircuts,Haircut in Asansol: What to Know Before Booking,blog/haircut-before-booking.html
DRAFT - REVIEW FIRST,68,Haircuts,Haircut in Asansol: Price and Cost Factors,blog/drafts/haircut-cost-factors.html
DRAFT - REVIEW FIRST,69,Haircuts,Haircut: Aftercare Checklist,blog/drafts/haircut-aftercare.html
DRAFT - REVIEW FIRST,69,Haircuts,Haircut: Who Is It Best For?,blog/drafts/haircut-who-is-it-for.html
DRAFT - REVIEW FIRST,69,Haircuts,Haircut: Myths and Facts,blog/drafts/haircut-myths-facts.html
DRAFT - REVIEW FIRST,70,Haircuts,Haircut: Common Mistakes to Avoid,blog/drafts/haircut-common-mistakes.html
DRAFT - REVIEW FIRST,70,Haircuts,Haircut: How to Prepare for Your Appointment,blog/drafts/haircut-preparation.html
DRAFT - REVIEW FIRST,70,Haircuts,Haircut: Summer Care Guide,blog/drafts/haircut-summer-care.html
DRAFT - REVIEW FIRST,71,Haircuts,Haircut: Monsoon Care Guide,blog/drafts/haircut-monsoon-care.html
DRAFT - REVIEW FIRST,71,Haircuts,Haircut: Winter Care Guide,blog/drafts/haircut-winter-care.html
DRAFT - REVIEW FIRST,71,Haircuts,Haircut: How It Compares With Similar Services,blog/drafts/haircut-comparison.html
DRAFT - REVIEW FIRST,72,Haircuts,Haircut: How Long Do Results Last?,blog/drafts/haircut-results-duration.html
DRAFT - REVIEW FIRST,72,Haircuts,Haircut: Maintenance Schedule,blog/drafts/haircut-maintenance-plan.html
DRAFT - REVIEW FIRST,72,Haircuts,Haircut: Questions to Ask Your Stylist,blog/drafts/haircut-stylist-questions.html
DRAFT - REVIEW FIRST,73,Haircuts,Haircut: Guide for College Students,blog/drafts/haircut-college-guide.html
DRAFT - REVIEW FIRST,73,Haircuts,Haircut: Guide for Working Professionals,blog/drafts/haircut-working-professionals.html
DRAFT - REVIEW FIRST,73,Haircuts,Haircut: Occasion-Ready Planning,blog/drafts/haircut-occasion-ready.html
DRAFT - REVIEW FIRST,74,Haircuts,Haircut: Sensitive or Damaged Hair/Skin Considerations,blog/drafts/haircut-sensitive-damaged.html
DRAFT - REVIEW FIRST,74,Haircuts,Haircut in Asansol: How to Choose a Salon Near You,blog/drafts/haircut-choose-salon.html
DRAFT - REVIEW FIRST,74,Haircuts,Haircut in Asansol: Asansol Local Booking Guide,blog/drafts/haircut-asansol-local-guide.html
LIVE,0,Haircuts,Advanced Haircut in Asansol: Complete Guide,blog/advanced-haircut-complete-guide.html
LIVE,0,Haircuts,Advanced Haircut in Asansol: What to Know Before Booking,blog/advanced-haircut-before-booking.html
DRAFT - REVIEW FIRST,75,Haircuts,Advanced Haircut in Asansol: Price and Cost Factors,blog/drafts/advanced-haircut-cost-factors.html
DRAFT - REVIEW FIRST,76,Haircuts,Advanced Haircut: Aftercare Checklist,blog/drafts/advanced-haircut-aftercare.html
DRAFT - REVIEW FIRST,76,Haircuts,Advanced Haircut: Who Is It Best For?,blog/drafts/advanced-haircut-who-is-it-for.html
DRAFT - REVIEW FIRST,76,Haircuts,Advanced Haircut: Myths and Facts,blog/drafts/advanced-haircut-myths-facts.html
DRAFT - REVIEW FIRST,77,Haircuts,Advanced Haircut: Common Mistakes to Avoid,blog/drafts/advanced-haircut-common-mistakes.html
DRAFT - REVIEW FIRST,77,Haircuts,Advanced Haircut: How to Prepare for Your Appointment,blog/drafts/advanced-haircut-preparation.html
DRAFT - REVIEW FIRST,77,Haircuts,Advanced Haircut: Summer Care Guide,blog/drafts/advanced-haircut-summer-care.html
DRAFT - REVIEW FIRST,78,Haircuts,Advanced Haircut: Monsoon Care Guide,blog/drafts/advanced-haircut-monsoon-care.html
DRAFT - REVIEW FIRST,78,Haircuts,Advanced Haircut: Winter Care Guide,blog/drafts/advanced-haircut-winter-care.html
DRAFT - REVIEW FIRST,78,Haircuts,Advanced Haircut: How It Compares With Similar Services,blog/drafts/advanced-haircut-comparison.html
DRAFT - REVIEW FIRST,79,Haircuts,Advanced Haircut: How Long Do Results Last?,blog/drafts/advanced-haircut-results-duration.html
DRAFT - REVIEW FIRST,79,Haircuts,Advanced Haircut: Maintenance Schedule,blog/drafts/advanced-haircut-maintenance-plan.html
DRAFT - REVIEW FIRST,79,Haircuts,Advanced Haircut: Questions to Ask Your Stylist,blog/drafts/advanced-haircut-stylist-questions.html
DRAFT - REVIEW FIRST,80,Haircuts,Advanced Haircut: Guide for College Students,blog/drafts/advanced-haircut-college-guide.html
DRAFT - REVIEW FIRST,80,Haircuts,Advanced Haircut: Guide for Working Professionals,blog/drafts/advanced-haircut-working-professionals.html
DRAFT - REVIEW FIRST,80,Haircuts,Advanced Haircut: Occasion-Ready Planning,blog/drafts/advanced-haircut-occasion-ready.html
DRAFT - REVIEW FIRST,81,Haircuts,Advanced Haircut: Sensitive or Damaged Hair/Skin Considerations,blog/drafts/advanced-haircut-sensitive-damaged.html
DRAFT - REVIEW FIRST,81,Haircuts,Advanced Haircut in Asansol: How to Choose a Salon Near You,blog/drafts/advanced-haircut-choose-salon.html
DRAFT - REVIEW FIRST,81,Haircuts,Advanced Haircut in Asansol: Asansol Local Booking Guide,blog/drafts/advanced-haircut-asansol-local-guide.html
LIVE,0,Haircuts,Butterfly Haircut in Asansol: Complete Guide,blog/butterfly-haircut-complete-guide.html
LIVE,0,Haircuts,Butterfly Haircut in Asansol: What to Know Before Booking,blog/butterfly-haircut-before-booking.html
DRAFT - REVIEW FIRST,82,Haircuts,Butterfly Haircut in Asansol: Price and Cost Factors,blog/drafts/butterfly-haircut-cost-factors.html
DRAFT - REVIEW FIRST,83,Haircuts,Butterfly Haircut: Aftercare Checklist,blog/drafts/butterfly-haircut-aftercare.html
DRAFT - REVIEW FIRST,83,Haircuts,Butterfly Haircut: Who Is It Best For?,blog/drafts/butterfly-haircut-who-is-it-for.html
DRAFT - REVIEW FIRST,83,Haircuts,Butterfly Haircut: Myths and Facts,blog/drafts/butterfly-haircut-myths-facts.html
DRAFT - REVIEW FIRST,84,Haircuts,Butterfly Haircut: Common Mistakes to Avoid,blog/drafts/butterfly-haircut-common-mistakes.html
DRAFT - REVIEW FIRST,84,Haircuts,Butterfly Haircut: How to Prepare for Your Appointment,blog/drafts/butterfly-haircut-preparation.html
DRAFT - REVIEW FIRST,84,Haircuts,Butterfly Haircut: Summer Care Guide,blog/drafts/butterfly-haircut-summer-care.html
DRAFT - REVIEW FIRST,85,Haircuts,Butterfly Haircut: Monsoon Care Guide,blog/drafts/butterfly-haircut-monsoon-care.html
DRAFT - REVIEW FIRST,85,Haircuts,Butterfly Haircut: Winter Care Guide,blog/drafts/butterfly-haircut-winter-care.html
DRAFT - REVIEW FIRST,85,Haircuts,Butterfly Haircut: How It Compares With Similar Services,blog/drafts/butterfly-haircut-comparison.html
DRAFT - REVIEW FIRST,86,Haircuts,Butterfly Haircut: How Long Do Results Last?,blog/drafts/butterfly-haircut-results-duration.html
DRAFT - REVIEW FIRST,86,Haircuts,Butterfly Haircut: Maintenance Schedule,blog/drafts/butterfly-haircut-maintenance-plan.html
DRAFT - REVIEW FIRST,86,Haircuts,Butterfly Haircut: Questions to Ask Your Stylist,blog/drafts/butterfly-haircut-stylist-questions.html
DRAFT - REVIEW FIRST,87,Haircuts,Butterfly Haircut: Guide for College Students,blog/drafts/butterfly-haircut-college-guide.html
DRAFT - REVIEW FIRST,87,Haircuts,Butterfly Haircut: Guide for Working Professionals,blog/drafts/butterfly-haircut-working-professionals.html
DRAFT - REVIEW FIRST,87,Haircuts,Butterfly Haircut: Occasion-Ready Planning,blog/drafts/butterfly-haircut-occasion-ready.html
DRAFT - REVIEW FIRST,88,Haircuts,Butterfly Haircut: Sensitive or Damaged Hair/Skin Considerations,blog/drafts/butterfly-haircut-sensitive-damaged.html
DRAFT - REVIEW FIRST,88,Haircuts,Butterfly Haircut in Asansol: How to Choose a Salon Near You,blog/drafts/butterfly-haircut-choose-salon.html
DRAFT - REVIEW FIRST,88,Haircuts,Butterfly Haircut in Asansol: Asansol Local Booking Guide,blog/drafts/butterfly-haircut-asansol-local-guide.html
LIVE,0,Haircuts,Step Cut in Asansol: Complete Guide,blog/step-cut-complete-guide.html
LIVE,0,Haircuts,Step Cut in Asansol: What to Know Before Booking,blog/step-cut-before-booking.html
DRAFT - REVIEW FIRST,89,Haircuts,Step Cut in Asansol: Price and Cost Factors,blog/drafts/step-cut-cost-factors.html
DRAFT - REVIEW FIRST,90,Haircuts,Step Cut: Aftercare Checklist,blog/drafts/step-cut-aftercare.html
DRAFT - REVIEW FIRST,90,Haircuts,Step Cut: Who Is It Best For?,blog/drafts/step-cut-who-is-it-for.html
DRAFT - REVIEW FIRST,90,Haircuts,Step Cut: Myths and Facts,blog/drafts/step-cut-myths-facts.html
DRAFT - REVIEW FIRST,91,Haircuts,Step Cut: Common Mistakes to Avoid,blog/drafts/step-cut-common-mistakes.html
DRAFT - REVIEW FIRST,91,Haircuts,Step Cut: How to Prepare for Your Appointment,blog/drafts/step-cut-preparation.html
DRAFT - REVIEW FIRST,91,Haircuts,Step Cut: Summer Care Guide,blog/drafts/step-cut-summer-care.html
DRAFT - REVIEW FIRST,92,Haircuts,Step Cut: Monsoon Care Guide,blog/drafts/step-cut-monsoon-care.html
DRAFT - REVIEW FIRST,92,Haircuts,Step Cut: Winter Care Guide,blog/drafts/step-cut-winter-care.html
DRAFT - REVIEW FIRST,92,Haircuts,Step Cut: How It Compares With Similar Services,blog/drafts/step-cut-comparison.html
DRAFT - REVIEW FIRST,93,Haircuts,Step Cut: How Long Do Results Last?,blog/drafts/step-cut-results-duration.html
DRAFT - REVIEW FIRST,93,Haircuts,Step Cut: Maintenance Schedule,blog/drafts/step-cut-maintenance-plan.html
DRAFT - REVIEW FIRST,93,Haircuts,Step Cut: Questions to Ask Your Stylist,blog/drafts/step-cut-stylist-questions.html
DRAFT - REVIEW FIRST,94,Haircuts,Step Cut: Guide for College Students,blog/drafts/step-cut-college-guide.html
DRAFT - REVIEW FIRST,94,Haircuts,Step Cut: Guide for Working Professionals,blog/drafts/step-cut-working-professionals.html
DRAFT - REVIEW FIRST,94,Haircuts,Step Cut: Occasion-Ready Planning,blog/drafts/step-cut-occasion-ready.html
DRAFT - REVIEW FIRST,95,Haircuts,Step Cut: Sensitive or Damaged Hair/Skin Considerations,blog/drafts/step-cut-sensitive-damaged.html
DRAFT - REVIEW FIRST,95,Haircuts,Step Cut in Asansol: How to Choose a Salon Near You,blog/drafts/step-cut-choose-salon.html
DRAFT - REVIEW FIRST,95,Haircuts,Step Cut in Asansol: Asansol Local Booking Guide,blog/drafts/step-cut-asansol-local-guide.html
