Cluster,Keyword / Query,Search Intent
Core local,best salon in Asansol,Local commercial
Core local,unisex salon in Asansol,Local commercial
Core local,beauty parlour in Asansol,Local commercial
Core local,hair salon in Asansol,Local commercial
Core local,salon near me Asansol,Local commercial
Core local,ladies salon near me Asansol,Local commercial
Core local,men salon near me Asansol,Local commercial
Core local,family salon Asansol,Local commercial
Core local,premium salon Asansol,Local commercial
Core local,affordable salon Asansol,Local commercial
Core local,salon near Garui More,Local commercial
Core local,salon near Asansol Engineering College,Local commercial
Core local,beauty parlour Garui More,Local commercial
Core local,hair salon Kanyapur Asansol,Local commercial
Core local,salon in Burnpur,Local commercial
Core local,salon in Raniganj,Local commercial
Core local,salon near Neamatpur,Local commercial
Core local,unisex salon Kulti,Local commercial
Hair treatments,hair straightening Asansol,Service / comparison
Hair treatments,hair smoothening Asansol,Service / comparison
Hair treatments,hair botox Asansol,Service / comparison
Hair treatments,nanoplastia Asansol,Service / comparison
Hair treatments,keratin treatment Asansol,Service / comparison
Hair treatments,hair spa Asansol,Service / comparison
Hair treatments,frizzy hair treatment Asansol,Service / comparison
Hair treatments,damaged hair treatment salon Asansol,Service / comparison
Hair treatments,hair straightening near me,Service / comparison
Hair treatments,hair botox near me,Service / comparison
Hair treatments,nanoplastia near me,Service / comparison
Hair treatments,smoothening salon near me,Service / comparison
Hair treatments,best salon for hair straightening in Asansol,Service / comparison
Hair treatments,hair botox price Asansol,Service / comparison
Hair treatments,nanoplastia price Asansol,Service / comparison
Hair treatments,keratin vs botox Asansol,Service / comparison
Hair colour,hair colour Asansol,Service / style
Hair colour,global hair colour Asansol,Service / style
Hair colour,hair highlights Asansol,Service / style
Hair colour,balayage Asansol,Service / style
Hair colour,grey hair coverage Asansol,Service / style
Hair colour,root touch up Asansol,Service / style
Hair colour,fashion hair colour Asansol,Service / style
Hair colour,hair colour salon near me,Service / style
Hair colour,hair highlights near me,Service / style
Hair colour,global hair color price Asansol,Service / style
Hair colour,best hair color salon Asansol,Service / style
Hair colour,brown hair colour Indian skin Asansol,Service / style
Hair colour,burgundy hair colour Asansol,Service / style
Hair colour,caramel highlights Asansol,Service / style
Skin & beauty,facial Asansol,Service / problem
Skin & beauty,best facial in Asansol,Service / problem
Skin & beauty,D tan Asansol,Service / problem
Skin & beauty,detan facial Asansol,Service / problem
Skin & beauty,cleanup Asansol,Service / problem
Skin & beauty,hydra facial Asansol,Service / problem
Skin & beauty,skin care salon Asansol,Service / problem
Skin & beauty,facial near me Asansol,Service / problem
Skin & beauty,D tan near me,Service / problem
Skin & beauty,glowing skin facial Asansol,Service / problem
Skin & beauty,facial for oily skin Asansol,Service / problem
Skin & beauty,facial for dry skin Asansol,Service / problem
Skin & beauty,pre bridal facial Asansol,Service / problem
Skin & beauty,tan removal salon Asansol,Service / problem
Nails & grooming,manicure Asansol,Service local
Nails & grooming,pedicure Asansol,Service local
Nails & grooming,manicure pedicure near me,Service local
Nails & grooming,nail care Asansol,Service local
Nails & grooming,waxing Asansol,Service local
Nails & grooming,waxing near me Asansol,Service local
Nails & grooming,full body waxing Asansol,Service local
Nails & grooming,hand spa Asansol,Service local
Nails & grooming,foot spa Asansol,Service local
Nails & grooming,pedicure for cracked heels Asansol,Service local
Nails & grooming,hygienic waxing salon Asansol,Service local
Haircuts,haircut in Asansol,Service / informational
Haircuts,ladies haircut Asansol,Service / informational
Haircuts,mens haircut Asansol,Service / informational
Haircuts,advanced haircut Asansol,Service / informational
Haircuts,butterfly haircut Asansol,Service / informational
Haircuts,step cut Asansol,Service / informational
Haircuts,layer cut Asansol,Service / informational
Haircuts,feather cut Asansol,Service / informational
Haircuts,bob cut Asansol,Service / informational
Haircuts,U cut Asansol,Service / informational
Haircuts,hair trim Asansol,Service / informational
Haircuts,haircut near me Asansol,Service / informational
Haircuts,best ladies haircut in Asansol,Service / informational
Haircuts,best mens haircut in Asansol,Service / informational
Haircuts,butterfly cut for long hair,Service / informational
Haircuts,step cut vs layer cut,Service / informational
Haircuts,face framing layers Asansol,Service / informational
Haircuts,haircut for round face Asansol,Service / informational
Haircuts,haircut for thin hair Asansol,Service / informational
Haircuts,haircut for curly hair Asansol,Service / informational
Questions,which is the best salon in Asansol,AEO question
Questions,where can I get hair botox in Asansol,AEO question
Questions,is nanoplastia available in Asansol,AEO question
Questions,how much does hair straightening cost in Asansol,AEO question
Questions,which facial is best for tan removal,AEO question
Questions,hair botox or nanoplastia which is better,AEO question
Questions,how long does hair colour last,AEO question
Questions,how to maintain butterfly haircut,AEO question
Questions,salon open near me in Asansol,AEO question
Questions,unisex salon near Asansol Engineering College,AEO question
